transaction_id,customer_id,transaction_timestamp,amount,merchant_category,is_fraud,year,month
500006,49108,2023-05-06T00:00:00.000+02:00,274.1303337,travel,0,2023,5
500010,39120,2023-05-15T00:00:00.000+02:00,967.2886812,groceries,0,2023,5
500018,50180,2023-05-24T00:00:00.000+02:00,645.607027,travel,0,2023,5
500019,3885,2023-05-09T00:00:00.000+02:00,33.22484612,fashion,0,2023,5
500020,43392,2023-05-12T00:00:00.000+02:00,679.432261,electronics,0,2023,5
500026,302,2023-05-25T00:00:00.000+02:00,445.011426,electronics,0,2023,5
500096,37544,2023-05-03T00:00:00.000+02:00,412.037554,gaming,0,2023,5
500111,45285,2023-05-07T00:00:00.000+02:00,174.9939229,gaming,0,2023,5
500112,28783,2023-05-01T00:00:00.000+02:00,784.6558512,fashion,0,2023,5
500114,23205,2023-05-21T00:00:00.000+02:00,56.2733549,groceries,0,2023,5
500127,55037,2023-05-15T00:00:00.000+02:00,817.6663153,groceries,0,2023,5
500134,36145,2023-05-17T00:00:00.000+02:00,271.8882439,fashion,0,2023,5
500135,31388,2023-05-10T00:00:00.000+02:00,167.7820481,travel,0,2023,5
500158,46960,2023-05-20T00:00:00.000+02:00,948.394321,groceries,0,2023,5
500166,27613,2023-05-07T00:00:00.000+02:00,716.3870919,gaming,0,2023,5
500170,40035,2023-05-13T00:00:00.000+02:00,97.46645434,electronics,0,2023,5
500180,33950,2023-05-12T00:00:00.000+02:00,164.0544471,travel,0,2023,5
500185,33752,2023-05-28T00:00:00.000+02:00,475.2038896,gaming,0,2023,5
500220,3967,2023-05-27T00:00:00.000+02:00,273.889702,gaming,0,2023,5
500223,9400,2023-05-11T00:00:00.000+02:00,479.5068331,groceries,0,2023,5
500227,55306,2023-05-11T00:00:00.000+02:00,431.9997494,travel,0,2023,5
500231,12402,2023-05-01T00:00:00.000+02:00,162.8819411,fashion,0,2023,5
500242,40556,2023-05-17T00:00:00.000+02:00,949.8101121,electronics,0,2023,5
500252,16993,2023-05-27T00:00:00.000+02:00,621.0721195,electronics,0,2023,5
500255,44527,2023-05-15T00:00:00.000+02:00,100.6046388,fashion,1,2023,5
500256,49488,2023-05-30T00:00:00.000+02:00,766.2722035,groceries,0,2023,5
500260,28340,2023-05-07T00:00:00.000+02:00,558.396177,gaming,0,2023,5
500264,45583,2023-05-03T00:00:00.000+02:00,496.4698483,electronics,0,2023,5
500267,37887,2023-05-14T00:00:00.000+02:00,187.8230033,travel,0,2023,5
500278,8062,2023-05-02T00:00:00.000+02:00,222.3665572,fashion,0,2023,5
500295,1038,2023-05-02T00:00:00.000+02:00,397.4562711,travel,0,2023,5
500320,26541,2023-05-09T00:00:00.000+02:00,512.669162,electronics,0,2023,5
500321,25365,2023-05-16T00:00:00.000+02:00,982.5292784,travel,0,2023,5
500325,18539,2023-05-20T00:00:00.000+02:00,394.3192213,groceries,0,2023,5
500326,57966,2023-05-24T00:00:00.000+02:00,614.509062,electronics,0,2023,5
500328,9812,2023-05-18T00:00:00.000+02:00,940.9365102,electronics,0,2023,5
500330,45576,2023-05-13T00:00:00.000+02:00,798.608427,fashion,0,2023,5
500350,45768,2023-05-14T00:00:00.000+02:00,78.27068246,gaming,0,2023,5
500352,39627,2023-05-25T00:00:00.000+02:00,399.4253032,fashion,0,2023,5
500372,9440,2023-05-08T00:00:00.000+02:00,159.548629,gaming,0,2023,5
500380,25759,2023-05-07T00:00:00.000+02:00,12.04741303,travel,0,2023,5
500388,25069,2023-05-13T00:00:00.000+02:00,710.2126593,electronics,0,2023,5
500389,59135,2023-05-17T00:00:00.000+02:00,546.8892863,groceries,0,2023,5
500394,3377,2023-05-23T00:00:00.000+02:00,442.2951643,travel,0,2023,5
500395,59449,2023-05-13T00:00:00.000+02:00,138.7994045,groceries,0,2023,5
500401,43914,2023-05-14T00:00:00.000+02:00,233.0156705,groceries,0,2023,5
500409,17571,2023-05-21T00:00:00.000+02:00,417.2066089,electronics,0,2023,5
500412,34858,2023-05-22T00:00:00.000+02:00,627.2278308,groceries,0,2023,5
500414,52182,2023-05-10T00:00:00.000+02:00,381.2917285,electronics,0,2023,5
500420,4457,2023-05-16T00:00:00.000+02:00,639.9772986,groceries,0,2023,5
500428,21991,2023-05-04T00:00:00.000+02:00,967.2180731,travel,0,2023,5
500440,49618,2023-05-04T00:00:00.000+02:00,423.0209598,groceries,1,2023,5
500451,42906,2023-05-27T00:00:00.000+02:00,317.475624,gaming,0,2023,5
500459,27326,2023-05-20T00:00:00.000+02:00,264.6674248,groceries,0,2023,5
500464,54285,2023-05-29T00:00:00.000+02:00,236.6194954,electronics,0,2023,5
500477,31108,2023-05-11T00:00:00.000+02:00,962.2961847,electronics,0,2023,5
500499,39619,2023-05-22T00:00:00.000+02:00,575.8379592,electronics,0,2023,5
500508,9220,2023-05-18T00:00:00.000+02:00,151.3599201,groceries,0,2023,5
500513,24656,2023-05-30T00:00:00.000+02:00,156.6135724,groceries,0,2023,5
500516,55280,2023-05-29T00:00:00.000+02:00,738.1111605,fashion,0,2023,5
500519,29377,2023-05-20T00:00:00.000+02:00,95.96532741,travel,0,2023,5
500522,55386,2023-05-22T00:00:00.000+02:00,665.7452441,groceries,0,2023,5
500550,54295,2023-05-25T00:00:00.000+02:00,455.7767695,travel,0,2023,5
500554,38041,2023-05-23T00:00:00.000+02:00,167.4010153,travel,0,2023,5
500582,12305,2023-05-15T00:00:00.000+02:00,726.1325549,groceries,0,2023,5
500586,48750,2023-05-04T00:00:00.000+02:00,938.3137198,travel,0,2023,5
500593,25846,2023-05-18T00:00:00.000+02:00,229.1932662,fashion,0,2023,5
500595,48607,2023-05-04T00:00:00.000+02:00,931.3154382,travel,0,2023,5
500596,34277,2023-05-06T00:00:00.000+02:00,882.3330864,electronics,0,2023,5
500611,6855,2023-05-30T00:00:00.000+02:00,556.1828006,electronics,0,2023,5
500632,12168,2023-05-23T00:00:00.000+02:00,300.2438528,gaming,0,2023,5
500647,57446,2023-05-29T00:00:00.000+02:00,409.2068464,travel,0,2023,5
500669,7848,2023-05-22T00:00:00.000+02:00,587.6423603,fashion,0,2023,5
500675,30586,2023-05-10T00:00:00.000+02:00,731.9912988,groceries,0,2023,5
500693,27644,2023-05-16T00:00:00.000+02:00,258.8759834,groceries,0,2023,5
500699,47129,2023-05-28T00:00:00.000+02:00,829.3134749,fashion,1,2023,5
500710,11766,2023-05-13T00:00:00.000+02:00,134.5136913,gaming,0,2023,5
500729,14422,2023-05-30T00:00:00.000+02:00,632.1494321,fashion,0,2023,5
500752,37860,2023-05-29T00:00:00.000+02:00,104.8162827,electronics,0,2023,5
500754,17529,2023-05-19T00:00:00.000+02:00,960.2945486,fashion,0,2023,5
500757,31123,2023-05-18T00:00:00.000+02:00,408.2037873,electronics,0,2023,5
500768,11851,2023-05-12T00:00:00.000+02:00,178.0875021,gaming,0,2023,5
500772,18365,2023-05-30T00:00:00.000+02:00,178.7630374,groceries,0,2023,5
500782,42891,2023-05-27T00:00:00.000+02:00,474.2227707,groceries,0,2023,5
500796,51344,2023-05-11T00:00:00.000+02:00,843.9641857,electronics,0,2023,5
500813,39335,2023-05-19T00:00:00.000+02:00,856.1252787,electronics,0,2023,5
500814,20550,2023-05-13T00:00:00.000+02:00,758.9202698,electronics,0,2023,5
500830,32719,2023-05-18T00:00:00.000+02:00,374.3016392,groceries,0,2023,5
500833,29159,2023-05-13T00:00:00.000+02:00,20.09709038,gaming,0,2023,5
500889,27780,2023-05-31T00:00:00.000+02:00,734.1664618,travel,0,2023,5
500890,31198,2023-05-23T00:00:00.000+02:00,690.3204484,groceries,0,2023,5
500892,37362,2023-05-11T00:00:00.000+02:00,481.1791997,fashion,0,2023,5
500897,16909,2023-05-01T00:00:00.000+02:00,889.36683,electronics,0,2023,5
500899,23906,2023-05-30T00:00:00.000+02:00,410.1969011,electronics,0,2023,5
500911,17162,2023-05-07T00:00:00.000+02:00,724.4056257,travel,0,2023,5
500914,19162,2023-05-29T00:00:00.000+02:00,287.2623616,fashion,0,2023,5
500922,18494,2023-05-29T00:00:00.000+02:00,349.431573,electronics,0,2023,5
500923,42407,2023-05-08T00:00:00.000+02:00,498.4100837,gaming,0,2023,5
500934,20832,2023-05-24T00:00:00.000+02:00,658.2061587,electronics,0,2023,5
500942,23883,2023-05-02T00:00:00.000+02:00,934.6200652,fashion,0,2023,5
500973,22862,2023-05-24T00:00:00.000+02:00,880.6830517,electronics,0,2023,5
500984,31053,2023-05-30T00:00:00.000+02:00,353.7534292,groceries,0,2023,5
500992,25220,2023-05-03T00:00:00.000+02:00,579.5829574,fashion,0,2023,5
500993,22034,2023-05-29T00:00:00.000+02:00,375.0519966,gaming,0,2023,5
501000,36220,2023-05-10T00:00:00.000+02:00,773.1941121,gaming,0,2023,5
501005,33551,2023-05-17T00:00:00.000+02:00,269.0382165,gaming,0,2023,5
501022,18957,2023-05-26T00:00:00.000+02:00,532.1690733,groceries,0,2023,5
501040,40768,2023-05-26T00:00:00.000+02:00,256.9333291,groceries,0,2023,5
501043,59621,2023-05-28T00:00:00.000+02:00,645.428597,travel,0,2023,5
501049,40135,2023-05-09T00:00:00.000+02:00,184.8122762,groceries,0,2023,5
501055,15037,2023-05-31T00:00:00.000+02:00,253.4348982,travel,0,2023,5
501069,16544,2023-05-22T00:00:00.000+02:00,566.7007849,electronics,0,2023,5
501074,40235,2023-05-13T00:00:00.000+02:00,834.8755341,electronics,0,2023,5
501079,32382,2023-05-28T00:00:00.000+02:00,883.4496434,fashion,0,2023,5
501104,3747,2023-05-05T00:00:00.000+02:00,545.7928665,fashion,0,2023,5
501118,26570,2023-05-16T00:00:00.000+02:00,989.2462295,fashion,0,2023,5
501119,36591,2023-05-22T00:00:00.000+02:00,559.9556434,fashion,0,2023,5
501129,3504,2023-05-20T00:00:00.000+02:00,556.4756341,gaming,0,2023,5
501132,55216,2023-05-11T00:00:00.000+02:00,883.6990442,travel,0,2023,5
501135,20315,2023-05-12T00:00:00.000+02:00,919.8759431,fashion,1,2023,5
501161,26065,2023-05-26T00:00:00.000+02:00,706.5378885,electronics,0,2023,5
501166,21397,2023-05-17T00:00:00.000+02:00,50.02892106,gaming,0,2023,5
501185,19393,2023-05-08T00:00:00.000+02:00,365.468534,fashion,0,2023,5
501193,15455,2023-05-11T00:00:00.000+02:00,37.56692289,electronics,0,2023,5
501199,48270,2023-05-09T00:00:00.000+02:00,223.3108579,fashion,0,2023,5
501201,23881,2023-05-17T00:00:00.000+02:00,469.9263618,travel,0,2023,5
501261,16510,2023-05-04T00:00:00.000+02:00,637.2141189,gaming,0,2023,5
501263,8085,2023-05-15T00:00:00.000+02:00,923.8709808,gaming,0,2023,5
501277,55583,2023-05-15T00:00:00.000+02:00,729.1606434,electronics,0,2023,5
501283,31311,2023-05-05T00:00:00.000+02:00,369.5887327,fashion,0,2023,5
501306,30663,2023-05-08T00:00:00.000+02:00,81.81375322,fashion,0,2023,5
501326,48255,2023-05-11T00:00:00.000+02:00,768.4012589,travel,0,2023,5
501350,19492,2023-05-25T00:00:00.000+02:00,650.6574278,groceries,0,2023,5
501353,9968,2023-05-10T00:00:00.000+02:00,455.684015,fashion,0,2023,5
501360,37065,2023-05-19T00:00:00.000+02:00,238.9002403,gaming,0,2023,5
501375,58858,2023-05-18T00:00:00.000+02:00,549.8218682,electronics,0,2023,5
501391,53184,2023-05-02T00:00:00.000+02:00,26.94085561,groceries,1,2023,5
501407,38241,2023-05-19T00:00:00.000+02:00,104.710378,fashion,0,2023,5
501413,13660,2023-05-04T00:00:00.000+02:00,244.8465903,electronics,1,2023,5
501425,13736,2023-05-26T00:00:00.000+02:00,430.5573543,travel,0,2023,5
501437,36347,2023-05-14T00:00:00.000+02:00,218.4902905,travel,0,2023,5
501447,33897,2023-05-07T00:00:00.000+02:00,961.0647072,travel,0,2023,5
501462,30684,2023-05-15T00:00:00.000+02:00,659.4013195,fashion,0,2023,5
501463,3073,2023-05-28T00:00:00.000+02:00,460.4460278,electronics,0,2023,5
501478,19228,2023-05-27T00:00:00.000+02:00,894.1120143,fashion,0,2023,5
501505,17008,2023-05-23T00:00:00.000+02:00,483.9372395,travel,0,2023,5
501523,8491,2023-05-27T00:00:00.000+02:00,609.7113051,fashion,0,2023,5
501529,40158,2023-05-03T00:00:00.000+02:00,718.0975031,electronics,0,2023,5
501536,46792,2023-05-28T00:00:00.000+02:00,322.2805773,groceries,0,2023,5
501556,14325,2023-05-22T00:00:00.000+02:00,344.4464775,fashion,0,2023,5
501570,30210,2023-05-24T00:00:00.000+02:00,238.4681943,fashion,0,2023,5
501599,42280,2023-05-14T00:00:00.000+02:00,596.2857592,electronics,0,2023,5
501604,792,2023-05-30T00:00:00.000+02:00,63.54897297,gaming,0,2023,5
501605,26659,2023-05-23T00:00:00.000+02:00,264.2870648,travel,0,2023,5
501607,27914,2023-05-27T00:00:00.000+02:00,895.7957286,gaming,0,2023,5
501611,52083,2023-05-07T00:00:00.000+02:00,395.8658304,travel,0,2023,5
501624,21569,2023-05-29T00:00:00.000+02:00,299.881161,travel,0,2023,5
501628,50559,2023-05-31T00:00:00.000+02:00,663.8920234,fashion,0,2023,5
501629,7784,2023-05-22T00:00:00.000+02:00,196.6931977,travel,0,2023,5
501630,58072,2023-05-16T00:00:00.000+02:00,211.8079771,electronics,0,2023,5
501634,11702,2023-05-07T00:00:00.000+02:00,391.243143,fashion,0,2023,5
501643,34506,2023-05-23T00:00:00.000+02:00,486.1790677,groceries,0,2023,5
501648,49985,2023-05-07T00:00:00.000+02:00,96.36189023,electronics,0,2023,5
501650,15855,2023-05-18T00:00:00.000+02:00,938.4866109,travel,0,2023,5
501668,21543,2023-05-02T00:00:00.000+02:00,503.508529,electronics,0,2023,5
501672,4522,2023-05-18T00:00:00.000+02:00,913.8278162,fashion,0,2023,5
501679,13795,2023-05-21T00:00:00.000+02:00,484.629439,electronics,0,2023,5
501683,44099,2023-05-19T00:00:00.000+02:00,238.1594626,gaming,0,2023,5
501692,19533,2023-05-13T00:00:00.000+02:00,793.4090208,fashion,0,2023,5
501741,30553,2023-05-19T00:00:00.000+02:00,442.2217269,travel,0,2023,5
501746,10134,2023-05-13T00:00:00.000+02:00,967.3407189,groceries,0,2023,5
501803,30914,2023-05-18T00:00:00.000+02:00,193.8048327,groceries,0,2023,5
501813,27848,2023-05-10T00:00:00.000+02:00,714.3530838,fashion,0,2023,5
501817,38588,2023-05-12T00:00:00.000+02:00,43.43332139,gaming,0,2023,5
501818,18827,2023-05-30T00:00:00.000+02:00,845.0830673,travel,0,2023,5
501827,54820,2023-05-23T00:00:00.000+02:00,877.9832883,fashion,0,2023,5
501829,22439,2023-05-28T00:00:00.000+02:00,410.2312386,fashion,0,2023,5
501842,42123,2023-05-23T00:00:00.000+02:00,654.6150179,groceries,0,2023,5
501861,53751,2023-05-25T00:00:00.000+02:00,32.13234485,electronics,0,2023,5
501866,37594,2023-05-06T00:00:00.000+02:00,570.6893594,gaming,0,2023,5
501874,25791,2023-05-01T00:00:00.000+02:00,662.5068014,fashion,0,2023,5
501886,43009,2023-05-06T00:00:00.000+02:00,887.4390402,fashion,0,2023,5
501898,15856,2023-05-06T00:00:00.000+02:00,301.5445881,fashion,0,2023,5
501902,29011,2023-05-06T00:00:00.000+02:00,4.597488608,travel,0,2023,5
501925,46766,2023-05-22T00:00:00.000+02:00,726.6138282,travel,0,2023,5
501936,20240,2023-05-21T00:00:00.000+02:00,333.9549674,groceries,0,2023,5
501937,28240,2023-05-26T00:00:00.000+02:00,196.9258071,electronics,0,2023,5
501952,35102,2023-05-31T00:00:00.000+02:00,344.3477065,electronics,0,2023,5
501953,50505,2023-05-17T00:00:00.000+02:00,824.0431077,electronics,0,2023,5
501994,32676,2023-05-07T00:00:00.000+02:00,905.9776704,fashion,0,2023,5
502006,22171,2023-05-25T00:00:00.000+02:00,247.6421177,fashion,0,2023,5
502007,9013,2023-05-13T00:00:00.000+02:00,978.4680393,groceries,0,2023,5
502008,48362,2023-05-03T00:00:00.000+02:00,261.7196163,electronics,0,2023,5
502010,49602,2023-05-21T00:00:00.000+02:00,590.1539652,groceries,0,2023,5
502014,35855,2023-05-27T00:00:00.000+02:00,204.957822,electronics,0,2023,5
502025,13645,2023-05-21T00:00:00.000+02:00,300.4491604,groceries,0,2023,5
502026,45271,2023-05-25T00:00:00.000+02:00,223.4351955,groceries,0,2023,5
502065,57401,2023-05-23T00:00:00.000+02:00,802.6326673,gaming,0,2023,5
502079,30376,2023-05-14T00:00:00.000+02:00,512.3028515,electronics,0,2023,5
502087,48319,2023-05-19T00:00:00.000+02:00,799.0637588,electronics,0,2023,5
502099,54998,2023-05-30T00:00:00.000+02:00,80.34306737,gaming,0,2023,5
502101,10807,2023-05-20T00:00:00.000+02:00,815.7318097,groceries,0,2023,5
502118,42008,2023-05-31T00:00:00.000+02:00,328.1997171,groceries,0,2023,5
502119,59581,2023-05-22T00:00:00.000+02:00,704.4525611,electronics,0,2023,5
502131,34096,2023-05-13T00:00:00.000+02:00,351.0548209,gaming,0,2023,5
502149,11305,2023-05-13T00:00:00.000+02:00,682.6990136,electronics,0,2023,5
502165,15980,2023-05-28T00:00:00.000+02:00,512.4055604,electronics,0,2023,5
502176,13008,2023-05-06T00:00:00.000+02:00,399.1233982,fashion,0,2023,5
502188,17183,2023-05-10T00:00:00.000+02:00,57.08415593,groceries,0,2023,5
502189,21341,2023-05-28T00:00:00.000+02:00,64.0784906,groceries,0,2023,5
502194,34327,2023-05-20T00:00:00.000+02:00,699.8830593,fashion,0,2023,5
502202,42717,2023-05-01T00:00:00.000+02:00,57.83091946,travel,0,2023,5
502212,13634,2023-05-06T00:00:00.000+02:00,122.9995967,groceries,0,2023,5
502214,23648,2023-05-13T00:00:00.000+02:00,347.7543747,fashion,0,2023,5
502225,14641,2023-05-13T00:00:00.000+02:00,805.7038136,fashion,0,2023,5
502252,39794,2023-05-27T00:00:00.000+02:00,921.6697612,gaming,0,2023,5
502253,20101,2023-05-26T00:00:00.000+02:00,916.2594868,fashion,0,2023,5
502276,48330,2023-05-30T00:00:00.000+02:00,554.4465394,gaming,0,2023,5
502278,34835,2023-05-24T00:00:00.000+02:00,348.3268709,travel,0,2023,5
502324,9645,2023-05-13T00:00:00.000+02:00,38.74364019,groceries,0,2023,5
502361,29185,2023-05-16T00:00:00.000+02:00,939.9392261,fashion,0,2023,5
502364,37962,2023-05-28T00:00:00.000+02:00,106.0076192,groceries,0,2023,5
502381,45042,2023-05-27T00:00:00.000+02:00,221.0466722,groceries,0,2023,5
502382,6007,2023-05-20T00:00:00.000+02:00,266.8118254,fashion,0,2023,5
502384,35061,2023-05-16T00:00:00.000+02:00,496.3500625,groceries,0,2023,5
502401,59390,2023-05-02T00:00:00.000+02:00,839.9668507,gaming,0,2023,5
502422,4571,2023-05-27T00:00:00.000+02:00,209.3444665,electronics,0,2023,5
502423,39856,2023-05-18T00:00:00.000+02:00,576.392279,travel,0,2023,5
502425,26236,2023-05-29T00:00:00.000+02:00,147.3912245,travel,0,2023,5
502434,53550,2023-05-09T00:00:00.000+02:00,27.80096167,travel,0,2023,5
502456,37155,2023-05-05T00:00:00.000+02:00,795.0689825,gaming,0,2023,5
502457,18899,2023-05-12T00:00:00.000+02:00,90.69139472,fashion,0,2023,5
502462,20562,2023-05-31T00:00:00.000+02:00,514.0472038,electronics,0,2023,5
502471,13936,2023-05-19T00:00:00.000+02:00,380.0290053,travel,0,2023,5
502472,28619,2023-05-28T00:00:00.000+02:00,300.0668014,fashion,0,2023,5
502486,39730,2023-05-15T00:00:00.000+02:00,914.9424782,fashion,0,2023,5
502527,46447,2023-05-11T00:00:00.000+02:00,757.3628393,gaming,0,2023,5
502550,6852,2023-05-23T00:00:00.000+02:00,695.7901272,electronics,0,2023,5
502568,52500,2023-05-24T00:00:00.000+02:00,928.4753853,electronics,0,2023,5
502575,4275,2023-05-29T00:00:00.000+02:00,488.7896112,electronics,0,2023,5
502588,578,2023-05-21T00:00:00.000+02:00,212.1041159,electronics,0,2023,5
502614,52183,2023-05-05T00:00:00.000+02:00,139.9903492,fashion,0,2023,5
502634,51480,2023-05-18T00:00:00.000+02:00,11.54126063,travel,0,2023,5
502650,40718,2023-05-26T00:00:00.000+02:00,221.8890223,travel,0,2023,5
502676,26341,2023-05-12T00:00:00.000+02:00,812.9696664,fashion,0,2023,5
502678,35652,2023-05-20T00:00:00.000+02:00,236.855993,travel,0,2023,5
502745,48840,2023-05-28T00:00:00.000+02:00,708.4364759,electronics,0,2023,5
502751,45100,2023-05-12T00:00:00.000+02:00,347.4170801,groceries,0,2023,5
502753,1904,2023-05-12T00:00:00.000+02:00,75.32939343,groceries,0,2023,5
502783,16468,2023-05-09T00:00:00.000+02:00,406.7247291,travel,0,2023,5
502790,56326,2023-05-02T00:00:00.000+02:00,714.674064,electronics,0,2023,5
502804,35778,2023-05-20T00:00:00.000+02:00,644.0560925,electronics,0,2023,5
502813,45346,2023-05-18T00:00:00.000+02:00,873.4301656,travel,0,2023,5
502827,22305,2023-05-23T00:00:00.000+02:00,308.6367298,travel,0,2023,5
502835,23499,2023-05-11T00:00:00.000+02:00,187.7888435,gaming,0,2023,5
502841,17907,2023-05-15T00:00:00.000+02:00,823.6118122,gaming,0,2023,5
502843,1693,2023-05-22T00:00:00.000+02:00,775.0311416,fashion,0,2023,5
502847,41747,2023-05-20T00:00:00.000+02:00,862.2910467,electronics,0,2023,5
502861,17312,2023-05-26T00:00:00.000+02:00,239.04444,fashion,0,2023,5
502875,29870,2023-05-28T00:00:00.000+02:00,862.3314719,electronics,0,2023,5
502900,2847,2023-05-18T00:00:00.000+02:00,125.1696524,groceries,0,2023,5
502903,34246,2023-05-07T00:00:00.000+02:00,829.6144858,fashion,0,2023,5
502909,18984,2023-05-06T00:00:00.000+02:00,97.14385557,groceries,0,2023,5
502917,31261,2023-05-25T00:00:00.000+02:00,403.9299439,fashion,0,2023,5
502941,21391,2023-05-03T00:00:00.000+02:00,814.7767369,electronics,0,2023,5
502946,47552,2023-05-27T00:00:00.000+02:00,565.7568867,groceries,0,2023,5
502960,25829,2023-05-07T00:00:00.000+02:00,846.3445804,travel,0,2023,5
502961,27593,2023-05-19T00:00:00.000+02:00,23.3551989,fashion,0,2023,5
502963,39351,2023-05-09T00:00:00.000+02:00,388.2189868,fashion,0,2023,5
502965,21746,2023-05-30T00:00:00.000+02:00,999.6620873,fashion,0,2023,5
502977,13559,2023-05-29T00:00:00.000+02:00,274.1685756,gaming,0,2023,5
502984,29861,2023-05-12T00:00:00.000+02:00,548.7209558,groceries,0,2023,5
503023,59635,2023-05-04T00:00:00.000+02:00,90.45121535,travel,0,2023,5
503058,35497,2023-05-01T00:00:00.000+02:00,10.49198381,fashion,0,2023,5
503088,4624,2023-05-05T00:00:00.000+02:00,662.2567568,travel,0,2023,5
503110,50574,2023-05-06T00:00:00.000+02:00,220.7161793,fashion,0,2023,5
503131,57485,2023-05-08T00:00:00.000+02:00,719.2958193,fashion,0,2023,5
503143,56023,2023-05-21T00:00:00.000+02:00,294.9568055,fashion,0,2023,5
503148,14802,2023-05-30T00:00:00.000+02:00,943.2250048,fashion,0,2023,5
503167,46424,2023-05-02T00:00:00.000+02:00,245.8864753,groceries,0,2023,5
503194,11814,2023-05-18T00:00:00.000+02:00,69.42383738,gaming,0,2023,5
503207,6278,2023-05-02T00:00:00.000+02:00,513.7411019,electronics,0,2023,5
503221,5530,2023-05-30T00:00:00.000+02:00,867.684662,fashion,0,2023,5
503227,42982,2023-05-31T00:00:00.000+02:00,415.1110693,fashion,0,2023,5
503272,22527,2023-05-28T00:00:00.000+02:00,0.6122911298,fashion,0,2023,5
503340,9824,2023-05-15T00:00:00.000+02:00,813.240015,travel,0,2023,5
503349,4140,2023-05-02T00:00:00.000+02:00,731.5394537,groceries,0,2023,5
503358,19330,2023-05-14T00:00:00.000+02:00,258.2465867,fashion,0,2023,5
503359,52750,2023-05-22T00:00:00.000+02:00,98.97603819,electronics,0,2023,5
503367,18329,2023-05-17T00:00:00.000+02:00,832.3107555,travel,0,2023,5
503373,11925,2023-05-29T00:00:00.000+02:00,718.0694042,gaming,0,2023,5
503379,28701,2023-05-22T00:00:00.000+02:00,367.5406286,travel,0,2023,5
503403,46059,2023-05-15T00:00:00.000+02:00,115.1518136,electronics,0,2023,5
503407,17385,2023-05-10T00:00:00.000+02:00,406.9833078,travel,0,2023,5
503433,26780,2023-05-19T00:00:00.000+02:00,402.5687747,electronics,0,2023,5
503469,26761,2023-05-05T00:00:00.000+02:00,251.7481267,electronics,0,2023,5
503486,12756,2023-05-04T00:00:00.000+02:00,978.2327285,travel,0,2023,5
503522,53722,2023-05-30T00:00:00.000+02:00,323.6442975,fashion,0,2023,5
503554,56065,2023-05-26T00:00:00.000+02:00,801.9014167,fashion,0,2023,5
503558,29309,2023-05-06T00:00:00.000+02:00,537.5493224,fashion,0,2023,5
503560,12394,2023-05-22T00:00:00.000+02:00,94.90119064,travel,0,2023,5
503564,12161,2023-05-23T00:00:00.000+02:00,799.7064059,travel,0,2023,5
503566,42856,2023-05-07T00:00:00.000+02:00,596.7241642,groceries,0,2023,5
503569,44372,2023-05-16T00:00:00.000+02:00,917.0296323,groceries,0,2023,5
503586,51284,2023-05-24T00:00:00.000+02:00,417.355404,travel,0,2023,5
503610,30140,2023-05-07T00:00:00.000+02:00,953.1352307,fashion,0,2023,5
503633,53109,2023-05-11T00:00:00.000+02:00,574.0117661,fashion,0,2023,5
503643,23779,2023-05-26T00:00:00.000+02:00,51.69435495,groceries,0,2023,5
503654,35737,2023-05-21T00:00:00.000+02:00,520.253478,fashion,0,2023,5
503667,3969,2023-05-15T00:00:00.000+02:00,483.8565769,travel,0,2023,5
503687,18330,2023-05-12T00:00:00.000+02:00,871.4028578,fashion,0,2023,5
503711,40890,2023-05-18T00:00:00.000+02:00,871.663517,groceries,0,2023,5
503754,54455,2023-05-22T00:00:00.000+02:00,362.8291143,gaming,0,2023,5
503789,50753,2023-05-13T00:00:00.000+02:00,738.5824184,groceries,0,2023,5
503800,37338,2023-05-06T00:00:00.000+02:00,465.294526,fashion,0,2023,5
503805,34068,2023-05-07T00:00:00.000+02:00,818.5350344,electronics,0,2023,5
503815,35231,2023-05-20T00:00:00.000+02:00,284.7948711,gaming,0,2023,5
503832,44803,2023-05-11T00:00:00.000+02:00,915.8428685,electronics,0,2023,5
503842,8713,2023-05-27T00:00:00.000+02:00,568.5163451,electronics,0,2023,5
503855,52674,2023-05-07T00:00:00.000+02:00,614.4990577,gaming,0,2023,5
503873,40201,2023-05-14T00:00:00.000+02:00,66.83436644,electronics,0,2023,5
503875,32195,2023-05-09T00:00:00.000+02:00,301.0008663,electronics,0,2023,5
503877,54881,2023-05-20T00:00:00.000+02:00,669.2259636,electronics,0,2023,5
503897,30259,2023-05-05T00:00:00.000+02:00,660.3200165,travel,0,2023,5
503906,5387,2023-05-31T00:00:00.000+02:00,164.9124358,groceries,0,2023,5
503911,11239,2023-05-20T00:00:00.000+02:00,953.3981213,fashion,0,2023,5
503923,3586,2023-05-05T00:00:00.000+02:00,911.4971342,electronics,0,2023,5
503931,4962,2023-05-23T00:00:00.000+02:00,855.9247666,groceries,0,2023,5
503939,51842,2023-05-11T00:00:00.000+02:00,670.2901173,travel,0,2023,5
503949,21178,2023-05-09T00:00:00.000+02:00,460.8386007,travel,0,2023,5
503959,34693,2023-05-04T00:00:00.000+02:00,519.0569561,travel,0,2023,5
503972,39280,2023-05-28T00:00:00.000+02:00,651.0447988,fashion,0,2023,5
503973,28930,2023-05-04T00:00:00.000+02:00,210.9212938,gaming,0,2023,5
503981,14259,2023-05-06T00:00:00.000+02:00,118.8101948,electronics,0,2023,5
503987,21646,2023-05-12T00:00:00.000+02:00,71.6440541,gaming,0,2023,5
504014,43080,2023-05-17T00:00:00.000+02:00,549.4936012,fashion,0,2023,5
504021,57178,2023-05-18T00:00:00.000+02:00,516.7729526,groceries,0,2023,5
504024,58011,2023-05-30T00:00:00.000+02:00,498.7101779,fashion,0,2023,5
504048,14925,2023-05-10T00:00:00.000+02:00,461.5102601,travel,0,2023,5
504077,28213,2023-05-28T00:00:00.000+02:00,785.8458504,electronics,0,2023,5
504088,2151,2023-05-30T00:00:00.000+02:00,343.6010067,gaming,0,2023,5
504094,45095,2023-05-19T00:00:00.000+02:00,48.54947108,electronics,0,2023,5
504103,21855,2023-05-11T00:00:00.000+02:00,39.89319204,travel,0,2023,5
504104,38426,2023-05-31T00:00:00.000+02:00,131.6984978,travel,0,2023,5
504108,27915,2023-05-23T00:00:00.000+02:00,724.8129625,electronics,0,2023,5
504143,25417,2023-05-10T00:00:00.000+02:00,150.2033876,fashion,0,2023,5
504170,21073,2023-05-06T00:00:00.000+02:00,151.9315879,gaming,0,2023,5
504175,35157,2023-05-03T00:00:00.000+02:00,355.9846704,gaming,1,2023,5
504183,9919,2023-05-21T00:00:00.000+02:00,207.642735,travel,0,2023,5
504200,494,2023-05-24T00:00:00.000+02:00,194.2222037,electronics,0,2023,5
504237,41528,2023-05-01T00:00:00.000+02:00,703.8470966,electronics,0,2023,5
504245,25909,2023-05-20T00:00:00.000+02:00,737.1592835,gaming,0,2023,5
504258,45934,2023-05-14T00:00:00.000+02:00,801.6695432,fashion,0,2023,5
504273,9786,2023-05-14T00:00:00.000+02:00,675.0516609,travel,0,2023,5
504275,26463,2023-05-05T00:00:00.000+02:00,229.4644175,gaming,0,2023,5
504277,55689,2023-05-27T00:00:00.000+02:00,581.2890777,groceries,0,2023,5
504289,3123,2023-05-05T00:00:00.000+02:00,520.7961669,travel,0,2023,5
504304,33260,2023-05-23T00:00:00.000+02:00,287.4378751,gaming,0,2023,5
504305,53773,2023-05-13T00:00:00.000+02:00,505.535449,fashion,0,2023,5
504306,2642,2023-05-05T00:00:00.000+02:00,952.7966306,fashion,0,2023,5
504315,2720,2023-05-06T00:00:00.000+02:00,983.6285454,travel,0,2023,5
504337,31442,2023-05-18T00:00:00.000+02:00,918.2807508,electronics,0,2023,5
504338,47497,2023-05-22T00:00:00.000+02:00,972.3604972,travel,0,2023,5
504346,36881,2023-05-31T00:00:00.000+02:00,19.22429852,electronics,0,2023,5
504349,11861,2023-05-03T00:00:00.000+02:00,418.8298979,groceries,0,2023,5
504363,30137,2023-05-05T00:00:00.000+02:00,624.9225144,electronics,1,2023,5
504373,39476,2023-05-10T00:00:00.000+02:00,895.5860239,electronics,0,2023,5
504392,14728,2023-05-14T00:00:00.000+02:00,569.1264179,gaming,0,2023,5
504403,21465,2023-05-12T00:00:00.000+02:00,177.9138389,electronics,0,2023,5
504406,38909,2023-05-02T00:00:00.000+02:00,78.42937428,fashion,0,2023,5
504413,45371,2023-05-28T00:00:00.000+02:00,847.4963104,fashion,0,2023,5
504427,15686,2023-05-20T00:00:00.000+02:00,144.2037736,travel,0,2023,5
504447,38727,2023-05-05T00:00:00.000+02:00,349.2585857,gaming,0,2023,5
504448,47446,2023-05-24T00:00:00.000+02:00,118.4387426,groceries,0,2023,5
504450,20699,2023-05-23T00:00:00.000+02:00,251.3051794,groceries,0,2023,5
504452,24303,2023-05-28T00:00:00.000+02:00,235.8559827,fashion,0,2023,5
504457,25992,2023-05-17T00:00:00.000+02:00,275.9643463,gaming,0,2023,5
504483,209,2023-05-03T00:00:00.000+02:00,565.9690735,gaming,0,2023,5
504484,53418,2023-05-12T00:00:00.000+02:00,212.8416448,gaming,0,2023,5
504487,52080,2023-05-24T00:00:00.000+02:00,372.8675563,gaming,0,2023,5
504495,31019,2023-05-25T00:00:00.000+02:00,848.4227629,fashion,1,2023,5
504497,20701,2023-05-20T00:00:00.000+02:00,568.5314661,gaming,0,2023,5
504519,53246,2023-05-03T00:00:00.000+02:00,61.4059923,gaming,0,2023,5
504522,50724,2023-05-13T00:00:00.000+02:00,671.093989,groceries,0,2023,5
504527,30592,2023-05-17T00:00:00.000+02:00,430.7290388,fashion,0,2023,5
504533,11304,2023-05-01T00:00:00.000+02:00,599.6488302,groceries,0,2023,5
504535,11933,2023-05-25T00:00:00.000+02:00,196.0439857,gaming,0,2023,5
504597,48648,2023-05-17T00:00:00.000+02:00,985.2564244,gaming,0,2023,5
504598,40616,2023-05-05T00:00:00.000+02:00,526.014325,fashion,0,2023,5
504607,50716,2023-05-09T00:00:00.000+02:00,596.7930258,gaming,0,2023,5
504624,53771,2023-05-10T00:00:00.000+02:00,284.5085887,electronics,0,2023,5
504628,43232,2023-05-10T00:00:00.000+02:00,929.493091,electronics,0,2023,5
504631,47123,2023-05-10T00:00:00.000+02:00,309.0788918,groceries,0,2023,5
504636,8548,2023-05-19T00:00:00.000+02:00,715.9115676,fashion,0,2023,5
504658,50807,2023-05-20T00:00:00.000+02:00,618.4275985,travel,0,2023,5
504659,27115,2023-05-18T00:00:00.000+02:00,59.38934106,groceries,0,2023,5
504662,3950,2023-05-01T00:00:00.000+02:00,798.269746,gaming,0,2023,5
504669,46154,2023-05-14T00:00:00.000+02:00,45.2655926,electronics,0,2023,5
504678,1960,2023-05-05T00:00:00.000+02:00,585.4084944,fashion,0,2023,5
504748,3490,2023-05-16T00:00:00.000+02:00,188.8660844,travel,0,2023,5
504842,27846,2023-05-07T00:00:00.000+02:00,168.3870105,gaming,0,2023,5
504844,7614,2023-05-27T00:00:00.000+02:00,85.33173782,electronics,0,2023,5
504872,19205,2023-05-20T00:00:00.000+02:00,849.3445578,electronics,0,2023,5
504903,53113,2023-05-11T00:00:00.000+02:00,554.4588604,travel,1,2023,5
504919,16406,2023-05-23T00:00:00.000+02:00,844.9155776,fashion,0,2023,5
504930,32267,2023-05-23T00:00:00.000+02:00,339.0459376,electronics,0,2023,5
504944,46936,2023-05-04T00:00:00.000+02:00,297.3907328,electronics,0,2023,5
504979,51336,2023-05-05T00:00:00.000+02:00,179.8281031,fashion,0,2023,5
504981,28243,2023-05-07T00:00:00.000+02:00,875.0647183,fashion,0,2023,5
504999,167,2023-05-05T00:00:00.000+02:00,857.4854492,fashion,0,2023,5
505000,9185,2023-05-29T00:00:00.000+02:00,684.758909,gaming,0,2023,5
505006,38554,2023-05-24T00:00:00.000+02:00,438.5012746,travel,1,2023,5
505011,33128,2023-05-07T00:00:00.000+02:00,164.9821021,fashion,0,2023,5
505019,42414,2023-05-21T00:00:00.000+02:00,522.9739248,groceries,0,2023,5
505035,30635,2023-05-01T00:00:00.000+02:00,429.0581212,gaming,0,2023,5
505071,20613,2023-05-09T00:00:00.000+02:00,391.9938958,groceries,0,2023,5
505080,34818,2023-05-05T00:00:00.000+02:00,850.1461194,travel,0,2023,5
505104,8895,2023-05-11T00:00:00.000+02:00,175.1573612,gaming,0,2023,5
505106,43941,2023-05-11T00:00:00.000+02:00,823.6929798,groceries,0,2023,5
505113,24711,2023-05-20T00:00:00.000+02:00,427.1138415,groceries,0,2023,5
505127,9206,2023-05-08T00:00:00.000+02:00,57.41813976,travel,0,2023,5
505132,21619,2023-05-29T00:00:00.000+02:00,387.8993789,travel,0,2023,5
505134,22425,2023-05-02T00:00:00.000+02:00,698.9970465,groceries,0,2023,5
505145,41915,2023-05-31T00:00:00.000+02:00,319.5056043,travel,0,2023,5
505147,11196,2023-05-04T00:00:00.000+02:00,66.87303614,fashion,0,2023,5
505149,47535,2023-05-27T00:00:00.000+02:00,7.787857075,gaming,0,2023,5
505159,2970,2023-05-07T00:00:00.000+02:00,521.1658175,gaming,0,2023,5
505166,53050,2023-05-20T00:00:00.000+02:00,390.7740948,gaming,0,2023,5
505168,39743,2023-05-21T00:00:00.000+02:00,924.0993035,groceries,0,2023,5
505175,6783,2023-05-08T00:00:00.000+02:00,692.4144596,fashion,0,2023,5
505177,17711,2023-05-30T00:00:00.000+02:00,351.04321,fashion,0,2023,5
505178,420,2023-05-01T00:00:00.000+02:00,713.7242794,travel,0,2023,5
505190,27042,2023-05-06T00:00:00.000+02:00,479.3495902,electronics,0,2023,5
505194,17313,2023-05-27T00:00:00.000+02:00,283.3203827,gaming,0,2023,5
505218,51713,2023-05-17T00:00:00.000+02:00,93.71907097,gaming,0,2023,5
505231,46820,2023-05-07T00:00:00.000+02:00,64.64072857,gaming,0,2023,5
505244,38280,2023-05-19T00:00:00.000+02:00,773.601588,gaming,0,2023,5
505246,32111,2023-05-06T00:00:00.000+02:00,713.6517037,travel,0,2023,5
505250,14505,2023-05-08T00:00:00.000+02:00,781.9961631,groceries,0,2023,5
505280,49735,2023-05-06T00:00:00.000+02:00,195.3379842,fashion,0,2023,5
505284,56902,2023-05-15T00:00:00.000+02:00,210.7530273,travel,0,2023,5
505288,27963,2023-05-01T00:00:00.000+02:00,674.97411,fashion,0,2023,5
505289,1470,2023-05-19T00:00:00.000+02:00,658.8112664,electronics,0,2023,5
505299,4525,2023-05-13T00:00:00.000+02:00,887.9491518,electronics,0,2023,5
505313,2908,2023-05-24T00:00:00.000+02:00,953.5768846,electronics,0,2023,5
505321,45973,2023-05-16T00:00:00.000+02:00,53.77483364,fashion,0,2023,5
505325,609,2023-05-11T00:00:00.000+02:00,406.4326856,gaming,0,2023,5
505329,41577,2023-05-11T00:00:00.000+02:00,360.4330377,groceries,0,2023,5
505337,58063,2023-05-21T00:00:00.000+02:00,136.1418652,travel,0,2023,5
505344,8389,2023-05-28T00:00:00.000+02:00,810.2896524,electronics,0,2023,5
505348,3340,2023-05-07T00:00:00.000+02:00,652.0577576,gaming,0,2023,5
505362,20191,2023-05-02T00:00:00.000+02:00,186.787776,fashion,0,2023,5
505394,21338,2023-05-12T00:00:00.000+02:00,765.8856481,fashion,0,2023,5
505407,55515,2023-05-18T00:00:00.000+02:00,884.1362094,fashion,0,2023,5
505414,29197,2023-05-21T00:00:00.000+02:00,894.3452447,travel,0,2023,5
505417,15588,2023-05-12T00:00:00.000+02:00,572.4497391,groceries,0,2023,5
505435,30217,2023-05-26T00:00:00.000+02:00,588.9999596,gaming,0,2023,5
505439,18526,2023-05-30T00:00:00.000+02:00,381.1061326,gaming,0,2023,5
505457,42602,2023-05-11T00:00:00.000+02:00,210.9015366,groceries,0,2023,5
505464,6400,2023-05-30T00:00:00.000+02:00,469.915074,gaming,0,2023,5
505472,9457,2023-05-14T00:00:00.000+02:00,186.5478824,gaming,0,2023,5
505476,47706,2023-05-09T00:00:00.000+02:00,378.825573,electronics,0,2023,5
505481,36458,2023-05-15T00:00:00.000+02:00,649.9150013,travel,0,2023,5
505505,58052,2023-05-27T00:00:00.000+02:00,45.6136851,gaming,0,2023,5
505521,53734,2023-05-09T00:00:00.000+02:00,116.6126014,fashion,0,2023,5
505543,27985,2023-05-24T00:00:00.000+02:00,273.6628044,travel,0,2023,5
505544,4186,2023-05-25T00:00:00.000+02:00,724.5486922,groceries,0,2023,5
505551,24609,2023-05-25T00:00:00.000+02:00,289.5377476,electronics,0,2023,5
505553,58064,2023-05-18T00:00:00.000+02:00,608.8881625,groceries,0,2023,5
505555,40240,2023-05-10T00:00:00.000+02:00,347.9547013,travel,0,2023,5
505559,30745,2023-05-06T00:00:00.000+02:00,797.7311008,fashion,0,2023,5
505566,15964,2023-05-18T00:00:00.000+02:00,241.2276757,travel,0,2023,5
505568,25141,2023-05-23T00:00:00.000+02:00,207.165738,electronics,0,2023,5
505569,58726,2023-05-21T00:00:00.000+02:00,175.0575784,fashion,0,2023,5
505572,54471,2023-05-17T00:00:00.000+02:00,670.0919815,groceries,0,2023,5
505596,51166,2023-05-20T00:00:00.000+02:00,681.7818876,fashion,0,2023,5
505602,24158,2023-05-28T00:00:00.000+02:00,314.2918314,gaming,0,2023,5
505641,16434,2023-05-03T00:00:00.000+02:00,923.2835851,travel,0,2023,5
505670,40053,2023-05-07T00:00:00.000+02:00,272.8940746,groceries,0,2023,5
505729,36766,2023-05-29T00:00:00.000+02:00,184.962008,gaming,0,2023,5
505747,1247,2023-05-12T00:00:00.000+02:00,845.9691658,groceries,0,2023,5
505757,9646,2023-05-30T00:00:00.000+02:00,890.1364412,fashion,0,2023,5
505763,25376,2023-05-07T00:00:00.000+02:00,320.5989539,electronics,0,2023,5
505766,59454,2023-05-24T00:00:00.000+02:00,449.0241275,gaming,0,2023,5
505783,2952,2023-05-02T00:00:00.000+02:00,831.3745714,travel,0,2023,5
505801,41180,2023-05-19T00:00:00.000+02:00,870.7379222,travel,0,2023,5
505802,33009,2023-05-28T00:00:00.000+02:00,301.2427029,fashion,0,2023,5
505820,54869,2023-05-11T00:00:00.000+02:00,693.2762805,fashion,0,2023,5
505829,59227,2023-05-06T00:00:00.000+02:00,371.2706307,electronics,0,2023,5
505839,29807,2023-05-28T00:00:00.000+02:00,551.6797327,gaming,0,2023,5
505856,45456,2023-05-02T00:00:00.000+02:00,131.312954,gaming,0,2023,5
505861,46105,2023-05-26T00:00:00.000+02:00,146.3136779,electronics,0,2023,5
505878,40014,2023-05-08T00:00:00.000+02:00,185.0039474,electronics,0,2023,5
505879,48482,2023-05-14T00:00:00.000+02:00,161.4617367,groceries,0,2023,5
505881,58798,2023-05-12T00:00:00.000+02:00,381.0880748,gaming,0,2023,5
505901,33244,2023-05-28T00:00:00.000+02:00,998.3384332,fashion,0,2023,5
505915,33523,2023-05-19T00:00:00.000+02:00,892.0983921,travel,0,2023,5
505941,5497,2023-05-02T00:00:00.000+02:00,415.3280674,fashion,0,2023,5
59745,11496,2023-05-03T00:00:00.000+02:00,825.0838043,travel,0,2023,5